{
  "timestamp": "2025-10-05T08:52:20.911974",
  "overall_accuracy": 0.35107169253510717,
  "total_samples": 1353,
  "correct_answers": 475,
  "target_range": [
    0.53,
    0.59
  ],
  "target_achieved": false,
  "evaluation_time_seconds": 896.4756796360016,
  "avg_time_per_sample": 0.6625836508765718,
  "scenario_results": {
    "scope": {
      "accuracy": 0.41203703703703703,
      "correct": 178,
      "total": 432
    },
    "partial": {
      "accuracy": 0.30985915492957744,
      "correct": 154,
      "total": 497
    },
    "angle": {
      "accuracy": 0.33726415094339623,
      "correct": 143,
      "total": 424
    }
  },
  "configuration": {
    "model": "llava-hf/llava-1.5-7b-hf",
    "retriever": "openai/clip-vit-base-patch32",
    "quantization": "4bit",
    "num_gt_images_used": 3,
    "max_length": 10,
    "temperature": 0.1
  }
}